username,profile_name,url,followers,bio
yanneekbrinson_,âœ¨NDAs Requiredâœ¨,http://www.yanneekbrinson.com/,714,
kirstnicolexo,kirstie (taylorâ€™s version),http://brokenblame.tumblr.com/,350,
aliceyinyang,melis |,https://instagram.com/lifeisaroadtrip_/,957,
HugsfromSA,Nina,https://x.com/hugsfromsa,1485,
v23474,VICKI - #LGBTQI+ ğŸ’ Ace BiRomantic ğŸ’–ğŸ’œğŸ’™ğŸ–¤ğŸ¤ğŸ’œ,http://bit.ly/1VWeVZG,681,
Jus_de_fruit,MM,https://linktr.ee/fruity999,405,
UpSyddigital,UpSyd Digital Networks,https://youtube.com/@upsyddigitalnetworks?si=Ay07wB37B313veYp,418,
burnbrights,MajoğŸ¬âœ¨,https://letterboxd.com/burnbrights/,1318,
LucknawiRooh,Nilufer Bhateja,https://x.com/lucknawirooh,2793,
JumpersJump,Jump Start Jumpers,https://x.com/jumpersjump,1,
sepuuut,Sepuuut,https://x.com/sepuuut,983,
inkdin,InkDin,https://x.com/inkdin,39,
berlee60,Beryle Chambers,https://x.com/berlee60,7038,
ScorpTaurCapSag,Pamela (3rd Generation Elohim) Apostle,https://x.com/scorptaurcapsag,822,
foreverunfelled,Jack Kline's ğŸ¦„ (Lucy) he/theyğŸ³â€ğŸŒˆ 8 ğŸ¦† ğŸ”¥ğŸ‰ ğŸŸ¦,https://www.randomacts.org/,454,
DIY28,DIY,https://x.com/diy28,1868,
VanessaRNMH,Vanessa Gilmartin ( Garrity) RNMH She/Her,https://x.com/vanessarnmh,9840,
TRICIA_FIIERCE,ivie,https://x.com/tricia_fiierce,491,
__Forceofnature,Cha',https://x.com/__forceofnature,18,
bellatrix134340,lanâ· ğŸ’›,https://x.com/bellatrix134340,1074,
inahreads,inah ğŸ‰,https://linktr.ee/inahreads,1588,
louis0nfire,louis0nfire,https://x.com/louis0nfire,588,
biblio_phile,asmita,https://x.com/biblio_phile,0,
Mauricio_Mejia,Mauricio MejÃ­a,https://youtu.be/0M-L64VjpeU,310020,
dwmdn,ã…ã„·ã„·,https://x.com/dwmdn,375,
stickpoet,Michael WellsğŸ‡ºğŸ‡¦,http://www.michaelwells.ink/,1065,
anotherschwab,"Andrew T. Schwab, Ed.D.",http://anotherschwab.com/,4728,
wincheswift,âš­ carla (taylor's version) ğŸª©,https://x.com/wincheswift,1743,
ScruffyBunnyNL,ScruffyBunny ğŸ‡,https://x.com/scruffybunnynl,399,
tempusfrangit,Keoieid,https://x.com/tempusfrangit,613,
Himmapaan,Natee ğŸ•ŠğŸ‰ (they/them),https://linktr.ee/himmapaan,23440,
AnnaDreams_Art,"Anna, just a ğŸon the wind.",https://x.com/annadreams_art,1483,
TheWordN3rd,Margaret | Dean of the Tortured Writers Deptâœ’ï¸ğŸ¤ğŸ“š,http://linktr.ee/TheWordN3rd,1324,
thebrittneyw,Brittney Williams | The Reclusive Blogger,https://thereclusiveblogger.com/,1865,
DrewWinchester,anariel - celebrÃ­an,https://toyhou.se/Sarha_Kinomiya,4960,
SilverFaeryhawk,Silver Faeryhawk,http://silverfaeryhawk.com/,2501,
undyingodinsons,dave gahanâ€™s big ğ“³ğ“¾ğ“²ğ“¬ğ”‚ bbl,https://x.com/undyingodinsons,1968,
owlyrapunzel,naÍ›dskÄ± ğŸ‰,https://x.com/owlyrapunzel,887,
MahleSoul,Moonchild à¥,http://www.mahle-moonchild.tumblr.com/,717,
subha26,à®šà¯à®ªà®¾ (subha)ğŸª”,https://x.com/subha26,1065,
willmadrazo,Will M.,http://instagram.com/willmadrazo/,892,
LauraKatharineX,laura â€,https://archiveofourown.org/users/divine_dissatisfaction,1152,
brucethegirl,Christine(like the ghost carğŸš˜) Bruce,http://caabr.org/,530,
AmizingSailorAJ,OnceAJ,http://myanimelist.net/profile/Ap2,1769,
RekkaAlexiel,Rekka Alexiel,https://firesanctuary.com/,3323,
_niaow,á¶° áµ áµƒ,https://bsky.app/profile/niaow.bsky.social,1162,
hahahafsa,hafsa,http://instagram.com/hahahafsa_,631,
thankyou2NE1,lari,https://x.com/thankyou2ne1,3,
Hussain_gg,Hussain(INFP),https://www.youtube.com/channel/UCC6e3A4WsBg8jfFXpdmjFzg,374,
bexcapades,becğŸ”®,https://x.com/bexcapades,9683,
joshhrayy,josh,https://x.com/joshhrayy,18035,
Uhmanduh,Amanda,https://x.com/uhmanduh,436,
jiminstreble,yenaâ· ; (à¹‘â†€á†ºâ†€à¹‘)âœ§,https://soundcloud.com/phillinemyself,1686,
ohh_livi_yuhh,thiccaroni n cheese,https://linktr.ee/ohh_livi_yuhh,4048,
BiancaLoran,â˜½ B Plant â˜¾,https://biancaloran.carrd.co/,1387,
imchilllikethat,Catherine Elizabeth,https://x.com/imchilllikethat,0,
blovesastro,hi,https://x.com/blovesastro,1,
delia_a,Delia,https://x.com/delia_a,511,
yoongsvibe,nonâ·,https://x.com/yoongsvibe,3165,
AlyonaSchatzman,Alyona Schatzman,https://x.com/alyonaschatzman,3112,
Roxushi,Fenori ğŸ¤âœ¨ï¸ ğŸ’€workingğŸ’€,https://fenori.carrd.co/,6845,
CalmJTM,Tyluhhh,https://x.com/calmjtm,3588,
shaunaparmesan,Shauna Lynn (ĞŸĞ°Ğ½Ñ‡Ğ¸ÑˆĞ¸Ğ½),https://linktr.ee/shaunaparmesan,3147,
kosherjellyfish,JY,https://linktr.ee/kosherjellyfish,1401,
aryllins,ARYLL ğŸŒ™ @ Otakuthon #1711,http://aryll.tumblr.com/,22526,
octoberxswimmer,doom4gloom,http://octoberxswimmer.livejournal.com/,1430,
pinkygirl06,Jan Smith,https://x.com/pinkygirl06,1526,
Purrsnikitty07,ğŸ¦‹Mia FaithğŸ¦‹,http://ratherbereading.net/,1125,
amdmw,Amanda Myrna W,http://amdmw.wordpress.com/,524,
tangledtori,ğ–™ğ–”ğ–—ğ–,https://linktr.ee/tangledtori,1212,
AoLun8,al ğŸ¯ğŸ‡¹ğŸ‡¼ ğŸ”œ BLFC,https://www.furaffinity.net/user/aolun,3040,
MatthewBoulden,Matthew Boulden,http://www.theroar.com.au/author/matthew-boulden/,848,
TealaSmile,TTLYTEALA,https://x.com/tealasmile,12,
danibrstl,danielle,https://twitter.com/ArianaGrande/status/281260691875303424?s=01,1373,
CDawgVA,Connor,https://www.youtube.com/c/CDawgVA,996930,
sekirodubi,Sekiro FMC Dubi,https://x.com/sekirodubi,15645,
shelbylcole,shelby cole,https://x.com/shelbylcole,15246,
FabuPonah,âœ¨ğŸŒˆğŸŒ¸ Puppy Dragon ğŸŒ¸ğŸŒˆâœ¨,https://www.twitch.tv/fabuponah,14788,
arinushika,Alina Rin (ã‚¢ãƒªãƒ¼ãƒŠãƒ»ãƒªãƒ³ ),http://www.facebook.com/arinushika,3798,
